object_id,image,class
IT000026,3b728f79-i00104.jpg,Led-150
IT000026,27474bfb-i00105.jpg,Led-150
IT000026,1b16dfb7-i00106.jpg,Led-150
IT000026,6dbc3116-i00107.jpg,Led-150
IT000026,1edab58b-i00108.jpg,Led-150
IT00001,6dbc3116-i00107.jpg,Led-150
IT00001,1edab58b-i00108.jpg,Led-150
IT00001,52a597ed-i00109.jpg,Led-150
IT00001,741c92b9-i00112.jpg,Led-150
IT00001,17ebde7d-i00113.jpg,Led-150
IT00001,c0aea7e9-i00114.jpg,Led-150
IT00001,99f5e5b2-i00115.jpg,Led-150
IT00001,392c882f-i00116.jpg,Led-150
IT00001,96ff0a33-i00117.jpg,Led-150
IT00001,69e07af5-i00118.jpg,Led-150
IT00001,a1992127-i00119.jpg,Led-150
IT00001,628cbb3e-i00120.jpg,Led-150
IT00001,44c9e840-i00121.jpg,Led-150
IT00001,d8df908c-i00122.jpg,Led-150
IT00001,f8ee3064-i00123.jpg,Led-150
IT00001,1a26a9a7-i00124.jpg,Led-150
IT00001,07df01ad-i00125.jpg,Led-150
IT00001,1508ac5b-i00126.jpg,Led-150
IT00001,e2b06d5d-i00127.jpg,Led-150
IT00001,55be4520-i00128.jpg,Led-150
IT00001,658aa570-i00129.jpg,Led-150
IT00001,a20e616b-i00130.jpg,Led-150
IT00001,777eabd6-i00131.jpg,Led-150
IT00001,d5a3fc51-i00132.jpg,Led-150
IT00001,713eff12-i00133.jpg,Led-150
IT00001,014f5b34-i00134.jpg,Led-150
IT00002,e865f82e-i00144.jpg,Led-150
IT00002,df9f600d-i00145.jpg,Led-150
IT00002,511e7344-i00146.jpg,Led-150
IT00002,0311fc18-i00147.jpg,Led-150
IT00002,19c00286-i00148.jpg,Led-150
IT00002,efb52e8d-i00149.jpg,Led-150
IT00002,537a4987-i00150.jpg,Led-150
IT00002,df917078-i00152.jpg,Led-150
IT00002,39e0a6d8-i00153.jpg,Led-150
IT00003,16f90e9e-i00160.jpg,Led-150
IT00003,3030a4c0-i00161.jpg,Led-150
IT00003,cea56045-i00162.jpg,Led-150
IT00003,6241f7ca-i00163.jpg,Led-150
IT00003,29fbcfc2-i00164.jpg,Led-150
IT00003,22148a76-i00165.jpg,Led-150
IT00003,4be7fc40-i00166.jpg,Led-150
IT00003,3e488ca2-i00167.jpg,Led-150
IT00003,3e1e3e7d-i00168.jpg,Led-150
IT00003,eb78dfd0-i00169.jpg,Led-150
IT00003,beb5983d-i00170.jpg,Led-150
IT00003,c2defd6f-i00171.jpg,Led-150
IT00003,f8722089-i00172.jpg,Led-150
IT00003,9f566363-i00173.jpg,Led-150
IT00004,bb0012d1-i00179.jpg,Led-150
IT00004,cc70983e-i00180.jpg,Led-150
IT00004,61eff0cb-i00181.jpg,Led-150
IT00004,456922b6-i00182.jpg,Led-150
IT00004,0a574405-i00183.jpg,Led-150
IT00004,6bc7b7d8-i00184.jpg,Led-150
IT00004,4de83935-i00185.jpg,Led-150
IT00004,57eaf3b7-i00186.jpg,Led-150
IT00004,9cf4c919-i00187.jpg,Led-150
IT00004,b4e458ce-i00188.jpg,Led-150
IT00004,317f5b24-i00189.jpg,Led-150
IT00004,00abdef0-i00190.jpg,Led-150
IT00004,a7214da2-i00191.jpg,Led-150
IT00004,543ff585-i00192.jpg,Led-150
IT00004,c7a05432-i00193.jpg,Led-150
IT00004,372c4901-i00194.jpg,Led-150
IT000027,43405471-i00195.jpg,Led-150
IT000027,dad8c029-i00196.jpg,Led-150
IT000027,8b33892a-i00197.jpg,Led-150
IT000027,351a8403-i00198.jpg,Led-150
IT000027,7da270b0-i00199.jpg,Led-150
IT000027,16c0768e-i00200.jpg,Led-150
IT000027,95ca08c0-i00201.jpg,Led-150
IT000027,bdf88493-i00202.jpg,Led-150
IT00005,66e7d69f-i00226.jpg,Led-150
IT00005,76f3acda-i00227.jpg,Led-150
IT00005,47d4f4b0-i00228.jpg,Led-150
IT00005,0316aa58-i00229.jpg,Led-150
IT00005,b71896f9-i00230.jpg,Led-150
IT00005,41ea328f-i00231.jpg,Led-150
IT00005,2e6b80c6-i00232.jpg,Led-150
IT00005,34835bb3-i00233.jpg,Led-150
IT00005,973121d1-i00234.jpg,Led-150
IT00005,57aa22c3-i00235.jpg,Led-150
IT00006,bcb11a68-i00271.jpg,Led-150
IT00006,7948ed1a-i00272.jpg,Led-150
IT00006,f09e1569-i00273.jpg,Led-150
IT00006,91aa0f9e-i00274.jpg,Led-150
IT000028,ecb5c6b4-i00278.jpg,Led-150
IT000028,263ef7eb-i00279.jpg,Led-150
IT000028,94e22072-i00280.jpg,Led-150
IT000028,23c9c97b-i00281.jpg,Led-150
IT000028,5690c1f6-i00282.jpg,Led-150
IT000028,4dfc5d5a-i00283.jpg,Led-150
IT000028,df3dbf48-i00284.jpg,Led-150
IT000028,a1318f9c-i00285.jpg,Led-150
IT000028,9522a5ad-i00286.jpg,Led-150
IT000028,d2dda9a1-i00287.jpg,Led-150
IT000028,0ce7873f-i00288.jpg,Led-150
IT000031,ef72fdfc-i00389.jpg,Led-240
IT000036,7ff37bf2-i00458.jpg,Led-150
IT000036,5cfe2592-i00459.jpg,Led-150
IT000036,9ab630db-i00460.jpg,Led-150
IT000036,a1f1b6c3-i00461.jpg,Led-150
IT000036,e496751e-i00462.jpg,Led-150
IT000036,c9c6ac69-i00463.jpg,Led-150
IT000036,82e25936-i00464.jpg,Led-150
IT000036,a38e723b-i00465.jpg,Led-150
IT000036,79ed3226-i00466.jpg,Led-150
IT000036,5607d64c-i00467.jpg,Led-150
IT000036,4bdc25d4-i00468.jpg,Led-150
IT000036,8702390f-i00469.jpg,Led-150
IT000036,4c63d4e1-i00470.jpg,Led-150
IT000036,aa1377e1-i00471.jpg,Led-150
IT000036,be8bae05-i00472.jpg,Led-150
IT000036,ee2e4a4c-i00473.jpg,Led-150
IT000036,e59af815-i00474.jpg,Led-150
IT000036,1d86680e-i00475.jpg,Led-150
IT000036,c1b310dd-i00476.jpg,Led-150
IT000036,37db8c77-i00477.jpg,Led-150
IT000036,9bd1f019-i00478.jpg,Led-150
IT000036,c3dbf00f-i00479.jpg,Led-150
IT000036,c40585a7-i00480.jpg,Led-150
IT000036,0efe0543-i00481.jpg,Led-150
IT000036,c9a836e9-i00482.jpg,Led-150
IT000036,3a92f6ee-i00483.jpg,Led-150
IT000036,707579ac-i00484.jpg,Led-150
IT000036,8673b554-i00485.jpg,Led-150
IT000036,7360da97-i00486.jpg,Led-150
IT000036,62f862e1-i00487.jpg,Led-150
IT000036,20a0f085-i00488.jpg,Led-150
IT000036,fe760816-i00489.jpg,Led-150
IT000036,ec023ce1-i00490.jpg,Led-150
IT000036,99db94fd-i00491.jpg,Led-150
IT000036,eac72467-i00492.jpg,Led-150
IT000036,ba69cb09-i00493.jpg,Led-150
IT000036,d5856bb1-i00494.jpg,Led-150
IT000037,4c63d4e1-i00470.jpg,Led-240
IT000037,aa1377e1-i00471.jpg,Led-240
IT000037,be8bae05-i00472.jpg,Led-240
IT000037,ee2e4a4c-i00473.jpg,Led-240
IT000037,e59af815-i00474.jpg,Led-240
IT000037,1d86680e-i00475.jpg,Led-240
IT000037,c1b310dd-i00476.jpg,Led-240
IT000037,37db8c77-i00477.jpg,Led-240
IT000037,9bd1f019-i00478.jpg,Led-240
IT000037,c3dbf00f-i00479.jpg,Led-240
IT000037,c40585a7-i00480.jpg,Led-240
IT000037,0efe0543-i00481.jpg,Led-240
IT000037,c9a836e9-i00482.jpg,Led-240
IT000037,3a92f6ee-i00483.jpg,Led-240
IT000037,707579ac-i00484.jpg,Led-240
IT000037,8673b554-i00485.jpg,Led-240
IT000037,7360da97-i00486.jpg,Led-240
IT000037,62f862e1-i00487.jpg,Led-240
IT000037,20a0f085-i00488.jpg,Led-240
IT000037,fe760816-i00489.jpg,Led-240
IT000037,ec023ce1-i00490.jpg,Led-240
IT000037,99db94fd-i00491.jpg,Led-240
IT000037,eac72467-i00492.jpg,Led-240
IT000037,ba69cb09-i00493.jpg,Led-240
IT000037,d5856bb1-i00494.jpg,Led-240
IT000037,99254800-i00495.jpg,Led-240
IT000037,9b886838-i00496.jpg,Led-240
IT000037,96d005af-i00497.jpg,Led-240
IT000037,969ea093-i00498.jpg,Led-240
IT000037,b9b2db3a-i00499.jpg,Led-240
IT000037,95137019-i00500.jpg,Led-240
IT000037,22f10a20-i00501.jpg,Led-240
IT000037,cb73edb4-i00502.jpg,Led-240
IT000037,4ac52028-i00503.jpg,Led-240
IT000037,0bee90d8-i00504.jpg,Led-240
IT000037,3fdb6d8d-i00505.jpg,Led-240
IT000037,4fd03467-i00506.jpg,Led-240
IT000037,e4921698-i00507.jpg,Led-240
IT000037,4de00e45-i00508.jpg,Led-240
IT000038,dc37b964-i00509.jpg,Led-150
IT000038,d5984282-i00512.jpg,Led-150
IT000038,7cddbb5a-i00513.jpg,Led-150
IT000038,9ff2c031-i00514.jpg,Led-150
IT000038,e16c346d-i00515.jpg,Led-150
IT000038,8562a426-i00516.jpg,Led-150
IT000038,62d9ac8a-i00517.jpg,Led-150
IT000038,55b74b1d-i00518.jpg,Led-150
IT000039,e16c346d-i00515.jpg,Led-240
IT000039,8562a426-i00516.jpg,Led-240
IT000039,62d9ac8a-i00517.jpg,Led-240
IT000039,55b74b1d-i00518.jpg,Led-240
IT000039,a006e061-i00519.jpg,Led-240
IT000039,f082f8b9-i00520.jpg,Led-240
IT000039,9587a617-i00521.jpg,Led-240
IT000040,37072cd1-i00524.jpg,Led-240
IT000040,1494dab0-i00525.jpg,Led-240
IT000040,cba4645d-i00526.jpg,Led-240
IT000040,182457c8-i00527.jpg,Led-240
IT000040,5b97d0c6-i00528.jpg,Led-240
IT000040,02e5a40e-i00529.jpg,Led-240
IT000040,a48bb313-i00530.jpg,Led-240
IT000040,f714ccee-i00531.jpg,Led-240
IT000040,f646676e-i00532.jpg,Led-240
IT000040,2ea22381-i00534.jpg,Led-240
IT000040,be8363e2-i00535.jpg,Led-240
IT000040,65e05d0e-i00536.jpg,Led-240
IT000041,1494dab0-i00525.jpg,Led-240
IT000041,cba4645d-i00526.jpg,Led-240
IT000041,182457c8-i00527.jpg,Led-240
IT000041,5b97d0c6-i00528.jpg,Led-240
IT000041,02e5a40e-i00529.jpg,Led-240
IT000041,a48bb313-i00530.jpg,Led-240
IT000041,f714ccee-i00531.jpg,Led-240
IT000041,f646676e-i00532.jpg,Led-240
IT000041,2ea22381-i00534.jpg,Led-240
IT000041,be8363e2-i00535.jpg,Led-240
IT000041,65e05d0e-i00536.jpg,Led-240
IT000041,31cb1f3b-i00537.jpg,Led-240
IT000041,8eecca4a-i00538.jpg,Led-240
IT000041,46028584-i00539.jpg,Led-240
IT000041,5c17c763-i00540.jpg,Led-240
IT000041,ccf53579-i00541.jpg,Led-240
IT000041,f2111837-i00542.jpg,Led-240
IT000041,4cab3496-i00543.jpg,Led-240
IT000042,31cb1f3b-i00537.jpg,Led-150
IT000042,8eecca4a-i00538.jpg,Led-150
IT000042,46028584-i00539.jpg,Led-150
IT000042,25794207-i00544.jpg,Led-150
IT000042,8b19c256-i00545.jpg,Led-150
IT000042,ff64d6de-i00546.jpg,Led-150
IT000042,cf4ff517-i00547.jpg,Led-150
IT000042,7e79d9d2-i00548.jpg,Led-150
IT000042,60d096ce-i00549.jpg,Led-150
IT000043,60d096ce-i00549.jpg,Led-150
IT000043,9a3f0ea6-i00550.jpg,Led-150
IT000043,6c43d96e-i00551.jpg,Led-150
IT000043,a9162e9c-i00552.jpg,Led-150
IT000043,8a0738a2-i00553.jpg,Led-150
IT000043,378fa2c7-i00554.jpg,Led-150
IT000043,3bbae7fa-i00555.jpg,Led-150
IT000043,4914b77e-i00556.jpg,Led-150
IT000044,3bbae7fa-i00555.jpg,Led-150
IT000044,4914b77e-i00556.jpg,Led-150
IT000044,24c5de01-i00557.jpg,Led-150
IT000044,653a166f-i00559.jpg,Led-150
IT000044,a38e6d8d-i00560.jpg,Led-150
IT000044,8cc7444c-i00561.jpg,Led-150
IT000044,c318ce9c-i00562.jpg,Led-150
IT000044,ed20c4b1-i00563.jpg,Led-150
IT000044,24296cef-i00564.jpg,Led-150
IT000045,a38e6d8d-i00560.jpg,Led-150
IT000045,8cc7444c-i00561.jpg,Led-150
IT000045,c318ce9c-i00562.jpg,Led-150
IT000045,ed20c4b1-i00563.jpg,Led-150
IT000045,24296cef-i00564.jpg,Led-150
IT000045,be156fe3-i00565.jpg,Led-150
IT000045,3926752a-i00566.jpg,Led-150
IT000045,09070d78-i00567.jpg,Led-150
IT000045,dc96c162-i00568.jpg,Led-150
IT000045,ba375f07-i00569.jpg,Led-150
IT000045,fce53ea7-i00570.jpg,Led-150
IT000045,f6e7d51b-i00571.jpg,Led-150
IT000045,d3062aa0-i00572.jpg,Led-150
IT000045,f8c42422-i00573.jpg,Led-150
IT000047,09070d78-i00567.jpg,Led-150
IT000047,dc96c162-i00568.jpg,Led-150
IT000047,fce53ea7-i00570.jpg,Led-150
IT000047,f6e7d51b-i00571.jpg,Led-150
IT000047,d3062aa0-i00572.jpg,Led-150
IT000047,f8c42422-i00573.jpg,Led-150
IT000047,6b67cf66-i00574.jpg,Led-150
IT000046,f6e7d51b-i00571.jpg,Led-150
IT000046,d3062aa0-i00572.jpg,Led-150
IT000046,f8c42422-i00573.jpg,Led-150
IT000046,6b67cf66-i00574.jpg,Led-150
IT000046,f9b2231a-i00575.jpg,Led-150
IT000046,1272fc15-i00576.jpg,Led-150
IT000046,2a162d15-i00577.jpg,Led-150
IT000046,e83d5033-i00578.jpg,Led-150
IT000046,0a452533-i00579.jpg,Led-150
IT000046,e0ae5381-i00580.jpg,Led-150
IT000046,4b89bb72-i00581.jpg,Led-150
IT000046,f1e7a62b-i00582.jpg,Led-150
IT00009,55c6cb56-i00612.jpg,Led-150
IT00009,f10a4274-i00613.jpg,Led-150
IT00009,51ccda3b-i00614.jpg,Led-150
IT00010,2570a84f-i00619.jpg,Led-150
IT00010,a5a190d3-i00620.jpg,Led-150
IT00010,2778c75c-i00621.jpg,Led-150
IT00010,caee3d93-i00622.jpg,Led-150
IT00010,fcbd415b-i00623.jpg,Led-150
IT00010,fcdab722-i00624.jpg,Led-150
IT00010,1b108e6e-i00625.jpg,Led-150
IT00010,18e476af-i00626.jpg,Led-150
IT00010,842983a0-i00627.jpg,Led-150
IT00010,59449d98-i00628.jpg,Led-150
IT00010,9176b614-i00629.jpg,Led-150
IT00010,52a5af19-i00630.jpg,Led-150
IT00010,4eae38eb-i00631.jpg,Led-150
IT00010,1fccda16-i00632.jpg,Led-150
IT00011,7161f724-i00677.jpg,Led-150
IT00012,005c1fb6-i00693.jpg,Led-150
IT00012,1d997ec0-i00694.jpg,Led-150
IT00012,8eca8e8c-i00695.jpg,Led-150
IT00049,51b505ec-i00837.jpg,Led-240
IT00049,4baa3f0d-i00838.jpg,Led-240
IT00049,4e0f5062-i00839.jpg,Led-240
IT00049,653ad60e-i00840.jpg,Led-240
IT00049,aa57ccbf-i00841.jpg,Led-240
IT00049,c0a2916b-i00842.jpg,Led-240
IT00049,5281cec9-i00843.jpg,Led-240
IT00049,dc85d7a9-i00844.jpg,Led-240
IT00049,39b82371-i00845.jpg,Led-240
IT00049,2cad2709-i00846.jpg,Led-240
IT00049,88b20e71-i00847.jpg,Led-240
IT00050,39b82371-i00845.jpg,Led-240
IT00050,2cad2709-i00846.jpg,Led-240
IT00050,88b20e71-i00847.jpg,Led-240
IT00050,f20c7bb4-i00848.jpg,Led-240
IT00050,2777e176-i00849.jpg,Led-240
IT00050,aaafe765-i00850.jpg,Led-240
IT00050,43098589-i00851.jpg,Led-240
IT00050,cac148b0-i00852.jpg,Led-240
IT00050,2cb91f06-i00853.jpg,Led-240
IT00050,f2f9935e-i00854.jpg,Led-240
IT00050,8a3d5edd-i00855.jpg,Led-240
IT00050,b30cfac8-i00856.jpg,Led-240
IT00050,8b38eb3d-i00857.jpg,Led-240
IT00050,2bdbcedd-i00858.jpg,Led-240
IT00050,7256d5ed-i00859.jpg,Led-240
IT00050,05c422e8-i00860.jpg,Led-240
IT00050,d049c0d9-i00861.jpg,Led-240
IT00050,f9d2163b-i00862.jpg,Led-240
IT00050,923cf805-i00863.jpg,Led-240
IT00051,5c408297-i00870.jpg,Led-240
IT00051,4cb962e2-i00871.jpg,Led-240
IT00051,dc081d3a-i00872.jpg,Led-240
IT00051,928c02b5-i00873.jpg,Led-240
IT00051,b8791482-i00874.jpg,Led-240
IT00051,d00e3e79-i00875.jpg,Led-240
IT00051,7ee72092-i00876.jpg,Led-240
IT00051,5241a4e6-i00877.jpg,Led-240
IT00051,b4ee9591-i00878.jpg,Led-240
IT00051,242fa3b7-i00879.jpg,Led-240
IT00051,9c6a878d-i00880.jpg,Led-240
IT00051,af724497-i00881.jpg,Led-240
IT00051,c7d86526-i00882.jpg,Led-240
IT00051,cbd1baf7-i00883.jpg,Led-240
IT00051,586ade76-i00884.jpg,Led-240
IT00051,11cb4e97-i00885.jpg,Led-240
IT00051,bf27ebda-i00886.jpg,Led-240
IT00051,378221d8-i00887.jpg,Led-240
IT00051,62c3fdd4-i00888.jpg,Led-240
IT00053,307b0309-i00922.jpg,Led-150
IT00053,ee343fa5-i00923.jpg,Led-150
IT00053,7cb7d33a-i00924.jpg,Led-150
IT00053,fc0b79b0-i00925.jpg,Led-150
IT00053,fe106fae-i00926.jpg,Led-150
IT00053,daf05db4-i00927.jpg,Led-150
IT00053,76d21b03-i00928.jpg,Led-150
IT00053,5431703d-i00929.jpg,Led-150
IT00053,cff16d48-i00930.jpg,Led-150
IT00053,151647c3-i00931.jpg,Led-150
IT00053,89975021-i00932.jpg,Led-150
IT00053,fc49a8b5-i00933.jpg,Led-150
IT00053,673455ff-i00934.jpg,Led-150
IT00053,fbea49ec-i00935.jpg,Led-150
IT00053,f6da7213-i00936.jpg,Led-150
IT00053,84258b54-i00937.jpg,Led-150
IT00053,bdf61191-i00938.jpg,Led-150
IT00053,8f04c00d-i00939.jpg,Led-150
IT00053,7aebd64d-i00940.jpg,Led-150
IT00053,6285afb4-i00941.jpg,Led-150
IT00053,36f9dcf7-i00942.jpg,Led-150
IT00053,346b18ea-i00943.jpg,Led-150
IT00053,fd6cb647-i00944.jpg,Led-150
IT00053,5806d228-i00945.jpg,Led-150
IT00053,772b16ee-i00946.jpg,Led-150
IT00053,88f7bf86-i00947.jpg,Led-150
IT00053,e2dc348b-i00948.jpg,Led-150
IT00053,7a0d2ec5-i00949.jpg,Led-150
IT00053,3d64889c-i00950.jpg,Led-150
IT00053,9386f94c-i00951.jpg,Led-150
IT00053,3be769c7-i00952.jpg,Led-150
IT00053,ac61fbf7-i00953.jpg,Led-150
IT00053,a1544c80-i00954.jpg,Led-150
IT00053,cafb103f-i00955.jpg,Led-150
IT00053,cfbf3841-i00956.jpg,Led-150
IT00053,caef39c3-i00957.jpg,Led-150
IT00053,a98a47b1-i00958.jpg,Led-150
IT00053,5f12bc55-i00959.jpg,Led-150
IT00053,329cb028-i00960.jpg,Led-150
IT00053,9835b20a-i00961.jpg,Led-150
IT00053,4ce9f02e-i00962.jpg,Led-150
IT00053,f118b166-i00963.jpg,Led-150
IT00053,5f2a6146-i00965.jpg,Led-150
IT00053,0c44514e-i00966.jpg,Led-150
IT00053,d8fa2dae-i00967.jpg,Led-150
IT00053,f96074e2-i00968.jpg,Led-150
IT00053,e6d8af21-i00969.jpg,Led-150
IT00052,4ce9f02e-i00962.jpg,Led-240
IT00052,f118b166-i00963.jpg,Led-240
IT00052,f090b90f-i00964.jpg,Led-240
IT00052,5f2a6146-i00965.jpg,Led-240
IT00052,0c44514e-i00966.jpg,Led-240
IT00052,d8fa2dae-i00967.jpg,Led-240
IT00052,f96074e2-i00968.jpg,Led-240
IT00052,e6d8af21-i00969.jpg,Led-240
IT00052,9cfd9467-i00970.jpg,Led-240
IT00052,799ab212-i00971.jpg,Led-240
IT00052,dfe3ba34-i00972.jpg,Led-240
IT00052,60bd7159-i00973.jpg,Led-240
IT00054,25ae0fe6-i01086.jpg,Led-240
IT00054,ba8104e7-i01087.jpg,Led-240
IT00054,e45dd4b4-i01088.jpg,Led-240
IT00054,97133f0b-i01089.jpg,Led-240
IT00054,e58c0de5-i01090.jpg,Led-240
IT00054,9840b11b-i01091.jpg,Led-240
IT00054,3a7bb402-i01092.jpg,Led-240
IT00054,e262e700-i01095.jpg,Led-240
IT00054,c79a41bc-i01096.jpg,Led-240
IT00054,e5a83f8a-i01097.jpg,Led-240
IT00054,15733e4a-i01098.jpg,Led-240
IT00054,9f04ce9e-i01099.jpg,Led-240
IT00054,78c0b2c8-i01100.jpg,Led-240
IT00054,97787733-i01101.jpg,Led-240
IT00054,e813f565-i01102.jpg,Led-240
 IT00054,66e4c7d3-i01093.jpg,Led-240
 IT00054,a0858ad2-i01094.jpg,Led-240
IT00055,e813f565-i01102.jpg,Led-150
IT00055,b570cb7c-i01103.jpg,Led-150
IT00055,bfc4f6ad-i01104.jpg,Led-150
IT00055,8e87d3ea-i01105.jpg,Led-150
IT00055,fc6e807f-i01106.jpg,Led-150
IT00055,0b4c6499-i01107.jpg,Led-150
IT00055,a7dc9887-i01108.jpg,Led-150
IT00055,94df8a24-i01109.jpg,Led-150
IT00056,e813f565-i01102.jpg,Led-240
IT00056,ac575718-i01147.jpg,Led-150
IT00014,34df47fd-i01127.jpg,Led-150
IT00014,01e35c2b-i01128.jpg,Led-150
IT00014,dbb681ea-i01129.jpg,Led-150
IT00014,ba9f78f9-i01130.jpg,Led-150
IT00057,03ad2011-i01134.jpg,Led-150
IT00057,65fb4278-i01135.jpg,Led-150
IT00057,c0de7b36-i01136.jpg,Led-150
IT00057,dcb206fa-i01137.jpg,Led-150
IT00057,475ea289-i01138.jpg,Led-150
IT00057,ee5a02b5-i01139.jpg,Led-150
IT00057,fab3cdba-i01140.jpg,Led-150
IT00057,7c7deecf-i01141.jpg,Led-150
IT00057,0b51b368-i01142.jpg,Led-150
IT00057,dfda5ba4-i01143.jpg,Led-150
IT00057,9c42e357-i01144.jpg,Led-150
IT00057,24c54b12-i01145.jpg,Led-150
IT00057,60094621-i01146.jpg,Led-150
IT00057,b7e1b211-i01148.jpg,Led-150
IT00015,e73c3720-i01149.jpg,Led-150
IT00015,1a701056-i01150.jpg,Led-150
IT00015,35f048d1-i01151.jpg,Led-150
IT00016,7c99b408-i01156.jpg,Led-150
IT00016,1f390a7c-i01157.jpg,Led-150
IT00016,e6348f6a-i01158.jpg,Led-150
IT00016,60fead6d-i01159.jpg,Led-150
IT00016,9caf63c6-i01160.jpg,Led-150
IT00016,a23c286e-i01161.jpg,Led-150
IT00016,7a837d78-i01162.jpg,Led-150
IT00016,86761466-i01163.jpg,Led-150
IT00016,10848943-i01164.jpg,Led-150
IT00016,c55e8c22-i01165.jpg,Led-150
IT00016,b139e5f6-i01166.jpg,Led-150
IT00016,0a9e7ee8-i01167.jpg,Led-150
IT00016,47938a62-i01168.jpg,Led-150
IT00016,11ced34e-i01169.jpg,Led-150
IT00016,ebd95cd1-i01170.jpg,Led-150
IT00016,3177de17-i01171.jpg,Led-150
IT00016,c65a7a10-i01172.jpg,Led-150
IT00016,81da8ee7-i01173.jpg,Led-150
IT00016,f7eee120-i01174.jpg,Led-150
IT00016,4bec8237-i01175.jpg,Led-150
IT00016,4250b7a4-i01176.jpg,Led-150
IT00016,05625d8d-i01177.jpg,Led-150
IT00016,b5929e1e-i01178.jpg,Led-150
IT00016,1d63b31b-i01179.jpg,Led-150
IT00016,1f6c0c71-i01180.jpg,Led-150
IT00016,22e3afb2-i01181.jpg,Led-150
IT00016,f9124b0a-i01182.jpg,Led-150
IT00016,4c8dd19f-i01183.jpg,Led-150
IT00016,b2554f63-i01184.jpg,Led-150
IT00016,9e9f33fc-i01185.jpg,Led-150
IT00016,b37741b1-i01186.jpg,Led-150
IT00016,cc834f07-i01187.jpg,Led-150
IT00016,2704e0b3-i01188.jpg,Led-150
IT00016,9c52e072-i01189.jpg,Led-150
IT00017,cc834f07-i01187.jpg,Led-150
IT00017,2704e0b3-i01188.jpg,Led-150
IT00017,9c52e072-i01189.jpg,Led-150
IT00017,88533f7a-i01190.jpg,Led-150
IT00017,0f5200f0-i01191.jpg,Led-150
IT00017,8270c20e-i01192.jpg,Led-150
IT00017,d83ec6c1-i01193.jpg,Led-150
IT00017,23a755d1-i01194.jpg,Led-150
IT00017,59b335f6-i01195.jpg,Led-150
IT00017,2ccc641e-i01196.jpg,Led-150
IT00017,51c4352f-i01197.jpg,Led-150
IT00017,acde29ed-i01198.jpg,Led-150
IT00017,6de053c5-i01199.jpg,Led-150
IT00017,2c74e821-i01200.jpg,Led-150
IT00017,2d880621-i01201.jpg,Led-150
IT00017,c13f7fcc-i01202.jpg,Led-150
IT00017,27b17358-i01203.jpg,Led-150
IT00017,e12788ac-i01204.jpg,Led-150
IT00017,ef0a72a5-i01205.jpg,Led-150
IT00017,0cc09916-i01206.jpg,Led-150
IT00018,0cc09916-i01206.jpg,Led-240
IT00018,59f91f0a-i01207.jpg,Led-240
IT00018,a09fff60-i01208.jpg,Led-240
IT00018,4cbfad24-i01209.jpg,Led-240
IT00018,57bd920b-i01210.jpg,Led-240
IT00018,f764a3eb-i01211.jpg,Led-240
IT00018,dc846264-i01212.jpg,Led-240
IT00018,359e1c12-i01213.jpg,Led-240
IT00018,e7f18e43-i01214.jpg,Led-240
IT00018,3b60b0c3-i01215.jpg,Led-240
IT00018,5b180b2e-i01216.jpg,Led-240
IT00018,46d2d233-i01217.jpg,Led-240
IT00018,f31d5eba-i01218.jpg,Led-240
IT00018,244e5018-i01219.jpg,Led-240
IT00018,aca283d4-i01220.jpg,Led-240
IT00018,7e8e480d-i01221.jpg,Led-240
IT00018,258e1705-i01222.jpg,Led-240
IT00018,5e14463e-i01223.jpg,Led-240
IT00018,9e68b743-i01224.jpg,Led-240
IT00018,3925b9ae-i01225.jpg,Led-240
IT00018,911b962a-i01226.jpg,Led-240
IT00018,6351cef8-i01227.jpg,Led-240
IT00019,2c2c4f08-i01241.jpg,Led-240
IT00019,68d8f5a2-i01242.jpg,Led-240
IT00020,72aa7ade-i01254.jpg,Led-240
IT00020,8ba79ccc-i01255.jpg,Led-240
IT00020,d27599e7-i01256.jpg,Led-240
IT00020,a7156119-i01257.jpg,Led-240
IT00020,3895885a-i01258.jpg,Led-240
IT00020,4240ec36-i01259.jpg,Led-240
IT00020,3fe5b284-i01260.jpg,Led-240
IT00020,7efa2cd9-i01261.jpg,Led-240
IT00020,94267f1f-i01262.jpg,Led-240
IT00020,686a4606-i01263.jpg,Led-240
IT00020,17acf8cc-i01264.jpg,Led-240
IT00021,17acf8cc-i01264.jpg,Led-240
IT00021,897a3c08-i01265.jpg,Led-240
IT00021,259fe350-i01266.jpg,Led-240
IT00021,557c1f38-i01267.jpg,Led-240
IT00021,55ca044c-i01268.jpg,Led-240
IT00021,a8859d73-i01269.jpg,Led-240
IT00021,475acae6-i01270.jpg,Led-240
IT00021,3081ee22-i01271.jpg,Led-240
IT00021,ce954c35-i01272.jpg,Led-240
IT00021,f5eb6d34-i01273.jpg,Led-240
IT00021,a8a27001-i01274.jpg,Led-240
IT00058,63071612-i01278.jpg,Led-150
IT00058,8ee2386a-i01279.jpg,Led-150
IT00058,0bc810e0-i01280.jpg,Led-150
IT00058,dcaa54aa-i01281.jpg,Led-150
IT00058,910527d3-i01282.jpg,Led-150
IT00058,204eaea3-i01283.jpg,Led-150
IT00058,92363132-i01284.jpg,Led-150
IT00058,23947d10-i01285.jpg,Led-150
IT00058,2e41201d-i01286.jpg,Led-150
IT00058,7077a473-i01287.jpg,Led-150
IT00059,0d2c2734-i01290.jpg,Led-240
IT00059,9be7bfa6-i01291.jpg,Led-240
IT00059,c48fe7b3-i01292.jpg,Led-240
IT00059,56b5c709-i01293.jpg,Led-240
IT00059,e21cd802-i01294.jpg,Led-240
IT00059,038032b7-i01295.jpg,Led-240
IT00059,85959439-i01296.jpg,Led-240
IT00059,e92ffe80-i01297.jpg,Led-240
IT00062,91cdcad5-i01298.jpg,Led-240
IT00062,a887682c-i01317.jpg,Led-150
IT00062,007b388c-i01325.jpg,Led-240
IT00061,91cdcad5-i01298.jpg,Led-240
IT00061,8fabb825-i01299.jpg,Led-240
IT00061,211ab752-i01300.jpg,Led-240
IT00061,0c882eee-i01301.jpg,Led-240
IT00061,5ce0bc35-i01302.jpg,Led-240
IT00061,dd8c2fad-i01303.jpg,Led-240
IT00061,719e3a10-i01304.jpg,Led-240
IT00061,ef3c7bd6-i01305.jpg,Led-240
IT00061,4aa19e4b-i01306.jpg,Led-240
IT00061,260230f3-i01307.jpg,Led-240
IT00060,eae7b236-i01308.jpg,Led-240
IT00060,7cd6577f-i01309.jpg,Led-240
IT00060,8ee63feb-i01310.jpg,Led-240
IT00060,72a02175-i01311.jpg,Led-240
IT00060,0156c319-i01312.jpg,Led-240
IT00060,53291da4-i01313.jpg,Led-240
IT00060,cff017ea-i01314.jpg,Led-240
IT00060,b7356fa0-i01315.jpg,Led-240
IT00022,cff017ea-i01314.jpg,Led-150
IT00022,b7356fa0-i01315.jpg,Led-150
IT00022,8ed81973-i01316.jpg,Led-150
IT00023,8ed81973-i01316.jpg,Led-240
 IT00062,252d66e2-i01324.jpg,Led-240
IT00063,1e421b2c-i01331.jpg,Led-240
IT00063,81a3b090-i01333.jpg,Led-240
IT00063,1d3bc3de-i01334.jpg,Led-240
IT00063,6ac84d85-i01335.jpg,Led-240
 IT00063,af5670d2-i01332.jpg,Led-240
IT00064,3b932980-i01338.jpg,Led-240
IT00064,d6426e7d-i01339.jpg,Led-240
IT00064,503a8176-i01340.jpg,Led-240
IT00064,a89b24af-i01341.jpg,Led-240
IT00064,ebc452f0-i01342.jpg,Led-240
IT00064,8eefc78a-i01343.jpg,Led-240
IT00064,1a557124-i01344.jpg,Led-240
IT00064,4af99810-i01357.jpg,Led-240
IT00064,ac4a0ac2-i01358.jpg,Led-240
IT00064,3ede6600-i01359.jpg,Led-240
IT00064,a75664e3-i01360.jpg,Led-240
IT00064,9b982ddb-i01361.jpg,Led-240
IT00064,99fdda1a-i01362.jpg,Led-240
IT00064,16a56d25-i01363.jpg,Led-240
IT00064,8db12587-i01364.jpg,Led-240
IT00064,89892b4b-i01365.jpg,Led-240
IT00064,97c0aea0-i01366.jpg,Led-240
IT00024,e71adc17-i01345.jpg,Led-240
IT00024,d5227268-i01346.jpg,Led-240
IT00025,eae870ca-i01348.jpg,Led-150
IT00025,2007dc65-i01349.jpg,Led-150
IT00025,0c1d5b1c-i01350.jpg,Led-150
IT00025,c7dbcce7-i01351.jpg,Led-150
IT00025,7051b4d9-i01352.jpg,Led-150
IT00025,29098e79-i01353.jpg,Led-150
IT00065,6e8d3569-i01367.jpg,Led-150
IT00065,e1f871fb-i01368.jpg,Led-150
IT00065,6bb1c6ba-i01369.jpg,Led-150
IT00065,dab21a8a-i01370.jpg,Led-150
IT00065,325516df-i01371.jpg,Led-150
IT00065,8487c900-i01372.jpg,Led-150
IT00065,02f6449c-i01373.jpg,Led-150
IT00065,aecfa73b-i01374.jpg,Led-150
IT00065,56699af9-i01375.jpg,Led-150
IT00065,15060e1e-i01376.jpg,Led-150
IT00066,6bb1c6ba-i01369.jpg,Led-240
IT00066,dab21a8a-i01370.jpg,Led-240
IT00066,325516df-i01371.jpg,Led-240
IT00066,8487c900-i01372.jpg,Led-240
IT00066,02f6449c-i01373.jpg,Led-240
IT00066,aecfa73b-i01374.jpg,Led-240
IT00066,56699af9-i01375.jpg,Led-240
IT00066,15060e1e-i01376.jpg,Led-240
IT00066,c842f326-i01377.jpg,Led-240
IT00066,1510cce9-i01378.jpg,Led-240
IT00066,8e90bc0b-i01379.jpg,Led-240
IT00066,7bf988c8-i01380.jpg,Led-240
IT00066,83929691-i01381.jpg,Led-240
IT00066,309b3da4-i01384.jpg,Led-150
IT00067,309b3da4-i01384.jpg,Led-150
IT00067,18af4dfa-i01385.jpg,Led-150
IT00067,3de47081-i01386.jpg,Led-150
IT00067,b4a451a5-i01387.jpg,Led-150
IT00067,9dbb2328-i01388.jpg,Led-150
IT00067,c66b0f5b-i01389.jpg,Led-150
IT00067,e6acadde-i01390.jpg,Led-150
IT00067,ce10f597-i01391.jpg,Led-150
IT00067,af89a5db-i01392.jpg,Led-150
IT00067,887afe14-i01393.jpg,Led-150
IT00067,aca3187e-i01394.jpg,Led-150
IT00068,309b3da4-i01384.jpg,Led-150
IT00068,18af4dfa-i01385.jpg,Led-150
IT00068,3de47081-i01386.jpg,Led-150
IT00068,b4a451a5-i01387.jpg,Led-150
IT00070,9e97fff7-i01408.jpg,Led-150
IT00070,a1af1603-i01409.jpg,Led-150
IT00070,a12a4a92-i01410.jpg,Led-150
IT00070,f41c40a5-i01411.jpg,Led-150
IT00070,32a8b5c0-i01412.jpg,Led-150
IT00070,e694c0e9-i01413.jpg,Led-150
IT00070,7a425719-i01414.jpg,Led-150
IT00070,fabd817a-i01415.jpg,Led-150
IT00070,d12e968e-i01416.jpg,Led-150
IT00070,4a71517c-i01417.jpg,Led-150
IT00070,e36aa469-i01419.jpg,Led-150
IT00070,bf3cc03e-i01420.jpg,Led-150
IT00070,4ecde51a-i01424.jpg,Led-150
IT00070,9c3d7d61-i01425.jpg,Led-150
IT00070,fb221b3c-i01426.jpg,Led-150
 IT00070,4419158f-i01418.jpg,Led-150
IT00071,7790c3a4-i01529.jpg,Led-240
IT00071,1506b96b-i01530.jpg,Led-240
IT00071,905f2feb-i01531.jpg,Led-240
IT00071,759e306d-i01532.jpg,Led-240
IT00072,7790c3a4-i01529.jpg,Led-150
IT00072,1506b96b-i01530.jpg,Led-150
IT00072,905f2feb-i01531.jpg,Led-150
IT00072,759e306d-i01532.jpg,Led-150
IT00072,367908e4-i01542.jpg,Led-150
IT00072,4d732ac9-i01543.jpg,Led-150
IT00072,0ac39ec4-i01544.jpg,Led-150
IT00072,1ca7cef3-i01548.jpg,Led-150
IT00072,d76cf3db-i01549.jpg,Led-150
IT00073,4edab1f1-i01564.jpg,Led-150
IT00073,aeb7c815-i01565.jpg,Led-150
IT00073,d53110f5-i01566.jpg,Led-150
IT00073,e4ae3253-i01567.jpg,Led-150
IT00073,4e5bb22e-i01568.jpg,Led-150
IT00073,d1c61d22-i01569.jpg,Led-150
IT00073,67f040c8-i01570.jpg,Led-150
IT00073,bd55aaa1-i01571.jpg,Led-150
IT00073,3e5bc57d-i01572.jpg,Led-150
IT00074,0b0801d9-i01627.jpg,Led-150
IT00074,7fae29ea-i01628.jpg,Led-150
IT00074,5ae518db-i01629.jpg,Led-150
IT00074,6ab33d91-i01630.jpg,Led-150
IT00074,a290e82d-i01631.jpg,Led-150
IT00074,8e7aff2e-i01632.jpg,Led-150
IT00075,137d0301-i01701.jpg,Led-150
IT00075,57c9ec9c-i01702.jpg,Led-150
IT00075,b246b675-i01703.jpg,Led-150
IT00075,9a7c2145-i01704.jpg,Led-150
IT00075,02575d4e-i01705.jpg,Led-150
IT00075,9b23da92-i01706.jpg,Led-150
IT00075,4c7ba415-i01707.jpg,Led-150
IT00075,31311944-i01708.jpg,Led-150
IT00075,5e84fbc5-i01709.jpg,Led-150
IT00075,be7f998b-i01710.jpg,Led-150
IT00075,e14cfe08-i01711.jpg,Led-150
IT00076,ff16bc07-i01725.jpg,Led-150
IT00076,a99a6787-i01726.jpg,Led-150
IT00076,227d65ba-i01727.jpg,Led-150
IT00076,ff4f1164-i01728.jpg,Led-150
IT00076,117c43b3-i01729.jpg,Led-150
IT00077,5d18c648-i01738.jpg,Led-150
IT00077,3ccafe70-i01739.jpg,Led-150
IT00077,4d7f6553-i01740.jpg,Led-150
IT00077,808d9282-i01741.jpg,Led-150
IT00077,feab67e4-i01742.jpg,Led-150
IT00077,9dfa747c-i01743.jpg,Led-150
IT00077,839f5b61-i01744.jpg,Led-150
IT00077,d50b3aa6-i01745.jpg,Led-150
IT00078,909cd1c1-i01755.jpg,Led-150
IT00078,7d785cc6-i01756.jpg,Led-150
IT00078,a8f55a9f-i01757.jpg,Led-150
IT00078,02bf4f63-i01759.jpg,Led-150
IT00078,1eb218c2-i01760.jpg,Led-150
IT00078,a8480c15-i01761.jpg,Led-150
IT00078,57180edb-i01762.jpg,Led-150
IT00078,5eef55c0-i01763.jpg,Led-150
IT00078,6dc9f7d4-i01764.jpg,Led-150
IT00079,3eb27ba7-i01821.jpg,Led-150
IT00079,18f8ccd8-i01822.jpg,Led-150
IT00079,1c490b57-i01823.jpg,Led-150
IT00079,0a90ddc2-i01824.jpg,Led-150
IT00079,2b9e8d8f-i01825.jpg,Led-150
IT00079,b6c772b5-i01867.jpg,Led-150
IT00079,f99e7d94-i01868.jpg,Led-150
IT00079,01d6f00e-i01869.jpg,Led-150
IT00079,f8c75ead-i01870.jpg,Led-150
IT00079,21d15ca4-i01875.jpg,Led-150
IT00079,1b1d422d-i01876.jpg,Led-150
IT00079,f8e9827b-i01877.jpg,Led-150
IT00079,52edbc47-i01878.jpg,Led-150
IT00080,c97c50b0-i01901.jpg,Led-150
IT00080,01b93b61-i01902.jpg,Led-150
IT00080,c3cceb0a-i01903.jpg,Led-150
IT00080,2e2dd2ef-i01904.jpg,Led-150
IT00080,0b0adac1-i01905.jpg,Led-150
IT00080,be9b57ab-i01906.jpg,Led-150
IT00080,80bfe62e-i01907.jpg,Led-150
IT00081,f0549fcb-i01912.jpg,Led-150
IT00081,0c825b5e-i01913.jpg,Led-150
IT00081,a8571ff9-i01914.jpg,Led-150
IT00081,8490253d-i01915.jpg,Led-150
IT00081,c3b60b05-i01916.jpg,Led-150
IT00081,a68a514b-i01917.jpg,Led-150
IT00081,fac68210-i01918.jpg,Led-150
IT00081,a1e67906-i01919.jpg,Led-150
IT00081,f84a8817-i01920.jpg,Led-150
IT00081,9b4646b2-i01921.jpg,Led-150
IT00082,9991d96a-i01925.jpg,Led-150
IT00082,ac160956-i01926.jpg,Led-150
IT00082,778b6972-i01930.jpg,Led-150
IT00082,f508bbe6-i01931.jpg,Led-150
IT00082,3d8a7e2b-i01932.jpg,Led-150
IT00082,2e6cef2c-i01933.jpg,Led-150
IT00082,ebb77552-i01934.jpg,Led-150
IT00083,7a45a0b9-i01952.jpg,Led-150
IT00083,f3b74fa0-i01953.jpg,Led-150
IT00083,3c1f9abe-i01954.jpg,Led-150
IT00083,39c3b84b-i01955.jpg,Led-150
IT00083,eb533390-i01956.jpg,Led-150
IT00083,b3f1b7b5-i01957.jpg,Led-150
IT00083,91d51409-i01958.jpg,Led-150
IT00083,1ba9dd60-i01959.jpg,Led-150
IT00083,7a842caf-i01960.jpg,Led-150
IT00083,15547a7d-i01961.jpg,Led-150
IT00083,2327a4d4-i01962.jpg,Led-150
IT00083,bd3b275f-i01963.jpg,Led-150
IT00083,5d8ff271-i01964.jpg,Led-150
IT00083,bdc3327f-i01965.jpg,Led-150
IT00083,c7dfafb7-i01966.jpg,Led-150
IT00084,857c10fa-i00112.jpg,Led-150
IT00084,255e4b8f-i00113.jpg,Led-150
IT00084,adf0dc23-i00114.jpg,Led-150
IT00084,787f8bcd-i00123.jpg,Led-150
IT00084,28ee96a2-i00124.jpg,Led-150
IT00084,bb87eaa8-i00125.jpg,Led-150
IT00084,5ae5f74c-i00129.jpg,Led-150
IT00084,0856b67a-i00130.jpg,Led-150
IT00084,199cf0c8-i00131.jpg,Led-150
IT00084,140247b6-i00132.jpg,Led-150
IT00084,9b87054e-i00133.jpg,Led-150
IT00084,9e09a623-i00134.jpg,Led-150
IT00085,f8a4220c-i00144.jpg,Led-150
IT00085,19d595f6-i00145.jpg,Led-150
IT00085,ae577114-i00146.jpg,Led-150
IT00085,8842b22c-i00147.jpg,Led-150
IT00085,2535e346-i00148.jpg,Led-150
IT00085,dc852372-i00149.jpg,Led-150
IT00085,88183eb2-i00150.jpg,Led-150
IT00085,2c663259-i00151.jpg,Led-150
IT00085,816b44b3-i00152.jpg,Led-150
IT00085,d6d2d585-i00153.jpg,Led-150
IT00086,da627022-i00163.jpg,Led-150
IT00086,04cc33a1-i00164.jpg,Led-150
IT00086,06207435-i00165.jpg,Led-150
IT00086,4a414a33-i00166.jpg,Led-150
IT00086,47febf9f-i00167.jpg,Led-150
IT00086,5f454f48-i00168.jpg,Led-150
IT00086,d0524358-i00169.jpg,Led-150
IT00086,fd4bf0cf-i00170.jpg,Led-150
IT00086,39585bae-i00171.jpg,Led-150
IT00086,50072403-i00172.jpg,Led-150
IT00086,fa23e06b-i00173.jpg,Led-150
IT00087,334a3431-i00184.jpg,Led-150
IT00087,75fa0219-i00185.jpg,Led-150
IT00087,39dc820a-i00186.jpg,Led-150
IT00087,47ca0157-i00187.jpg,Led-150
IT00087,2e972db7-i00188.jpg,Led-150
IT00087,f149fa0f-i00189.jpg,Led-150
IT00087,c712d8ba-i00190.jpg,Led-150
IT00087,f2cbbdb5-i00191.jpg,Led-150
IT00087,fa35990f-i00192.jpg,Led-150
IT00087,6f1366ab-i00193.jpg,Led-150
IT00087,81aa70d1-i00194.jpg,Led-150
IT00088,ed8e8d14-i00212.jpg,Led-150
IT00088,b5a5dd6d-i00213.jpg,Led-150
IT00088,54f88be6-i00214.jpg,Led-150
IT00088,c1371520-i00215.jpg,Led-150
IT00088,d85db228-i00216.jpg,Led-150
IT00088,2609320e-i00229.jpg,Led-150
IT00089,43946feb-i00230.jpg,Led-150
IT00089,9926e1ee-i00231.jpg,Led-150
IT00089,d385fee1-i00232.jpg,Led-150
IT00089,8bb69965-i00271.jpg,Led-150
IT00090,93aa9359-i00272.jpg,Led-150
IT00090,f8a085c8-i00273.jpg,Led-150
IT00090,3254228e-i00274.jpg,Led-150
IT00091,8efd0cd5-i00281.jpg,Led-150
IT00091,e537bf46-i00282.jpg,Led-150
IT00091,429ed4ae-i00283.jpg,Led-150
IT00091,02330d73-i00284.jpg,Led-150
IT00091,b991151a-i00285.jpg,Led-150
IT00091,587c5bbd-i00286.jpg,Led-150
IT00091,a9f31aa9-i00287.jpg,Led-150
IT00091,826aa23a-i00288.jpg,Led-150
IT00091,4de6a2a7-i00289.jpg,Led-150
IT00091,24c87b17-i00629.jpg,Led-150
IT00091,5dcd10a0-i00630.jpg,Led-150
IT00091,be3bd67b-i00631.jpg,Led-150
IT00091,9f483840-i00632.jpg,Led-150
IT00092,54a10622-i00647.jpg,Led-150
IT00092,7436983e-i00648.jpg,Led-150
IT00092,82561a91-i00656.jpg,Led-150
IT00093,f5757a4e-i00694.jpg,Led-150
IT00093,088de65a-i00695.jpg,Led-150
IT00094,e773e274-i00717.jpg,Led-150
IT00095,0b255370-i00840.jpg,Led-240
IT00095,be06643c-i00841.jpg,Led-240
IT00095,1c6b2bb9-i00842.jpg,Led-240
IT00095,3f6f8870-i00843.jpg,Led-240
IT00095,c348b633-i00859.jpg,Led-240
IT00096,71bddd4d-i00927.jpg,Led-240
IT00096,b8ea7f62-i00934.jpg,Led-240
IT00096,e2ee611c-i00937.jpg,Led-240
IT00096,c58cf0b3-i00956.jpg,Led-240
IT00096,0a4103b1-i00957.jpg,Led-240
IT00096,d5c93194-i00958.jpg,Led-240
IT00096,68add21a-i00959.jpg,Led-240
IT00097,a1b12c20-i01056.jpg,Led-240
IT00097,48ac68df-i01057.jpg,Led-240
IT00097,cc7688c0-i01058.jpg,Led-240
IT00097,ec451737-i01062.jpg,Led-240
IT00098,bb91a20b-i01075.jpg,Led-240
IT00099,bb91a20b-i01075.jpg,Led-240
IT000100,bb91a20b-i01075.jpg,Led-240
IT000100,9a2e23d5-i01079.jpg,Led-240
IT000100,3504717e-i01087.jpg,Led-240
IT000100,6572b247-i01088.jpg,Led-240
IT000101,3504717e-i01087.jpg,Led-240
IT000101,6572b247-i01088.jpg,Led-240
IT000101,c1b9d7e2-i01095.jpg,Led-240
IT000102,46d10786-i01144.jpg,Led-150
IT000102,25260d6f-i01147.jpg,Led-150
IT000103,a1f40526-i01223.jpg,Led-240
IT000103,1176cd26-i01224.jpg,Led-240
IT000103,54f9f935-i01225.jpg,Led-240
IT000103,cf48c6fd-i01226.jpg,Led-240
IT000103,b861aa2a-i01227.jpg,Led-240
IT000103,95123a0d-i01228.jpg,Led-240
IT000104,8cb88433-i01241.jpg,Led-240
IT000104,c617a7ec-i01242.jpg,Led-240
IT000104,2bebd7d8-i01243.jpg,Led-240
IT000104,679cc33d-i01262.jpg,Led-240
IT000104,310a22af-i01263.jpg,Led-240
IT000104,d44f1b83-i01264.jpg,Led-240
IT000104,0c85aa0e-i01266.jpg,Led-240
IT000104,6e1cc4a5-i01267.jpg,Led-240
IT000105,679cc33d-i01262.jpg,Led-240
IT000105,310a22af-i01263.jpg,Led-240
IT000105,d44f1b83-i01264.jpg,Led-240
IT000105,0c85aa0e-i01266.jpg,Led-240
IT000105,6e1cc4a5-i01267.jpg,Led-240
IT000105,24effeda-i01274.jpg,Led-240
IT000105,0b05eca5-i01277.jpg,Led-240
IT000106,26f7fd56-i01288.jpg,Led-150
IT000106,35257c04-i01289.jpg,Led-150
IT000107,9895fbe0-i01299.jpg,Led-240
IT000108,89ee30b1-i01308.jpg,Led-240
IT000109,00a5f39c-i01317.jpg,Led-240
IT000110,a34ea0d5-i01335.jpg,Led-240
IT000110,5ec57045-i01337.jpg,Led-240
IT000111,d65305bd-i01343.jpg,Led-240
IT000111,485f6216-i01346.jpg,Led-240
IT000111,49b13efe-i01349.jpg,Led-240
IT000112,49b13efe-i01349.jpg,Led-150
IT000112,50668013-i01351.jpg,Led-150
IT000112,5a65a724-i01352.jpg,Led-150
IT000113,abcd7a9d-i01364.jpg,Led-240
IT000113,6ad01107-i01368.jpg,Led-240
IT000113,345bd274-i01385.jpg,Led-240
IT000115,345bd274-i01385.jpg,Led-150
IT000115,183451bf-i01391.jpg,Led-150
IT000116,058edb5c-i01416.jpg,Led-150
IT000116,36a359e8-i01422.jpg,Led-150
IT000116,308fc215-i01492.jpg,Led-150
IT000117,e1b15467-i01553.jpg,Led-150
IT000118,ba9e9437-i01569.jpg,Led-150
IT000118,9697df2e-i01574.jpg,Led-150
IT000119,48910853-i01707.jpg,Led-150
